{"0": {"basisfrom": "mc", "training-mc-estmean": [0.8789815850780013], "traintime": 6246.955879449844, "pcepod": {"3": {"pcedims": [2, 3, 4, 5, 6], "pceres": [[0.8832249032293169], [0.8832647580173018], [0.88326490266843], [0.8832649032123756], [0.8832649032144788]], "pcepodeyys": [[0.7891829576516943], [0.7893468444928979], [0.7893476592427551], [0.7893476631701811], [0.7893476631888652]], "elts": [0.31768345832824707, 0.31032729148864746, 0.3054485321044922, 0.3395400047302246, 0.35760021209716797]}, "6": {"pcedims": [2, 3, 4, 5, 6], "pceres": [[0.8810212890485152], [0.8810892326097173], [0.8810896378272401], [0.8810896403710812], [0.881089640387323]], "pcepodeyys": [[0.7851658935919925], [0.7854092123493243], [0.785410997946323], [0.7854110111150192], [0.7854110112122793]], "elts": [0.3435673713684082, 0.31844019889831543, 0.31140828132629395, 0.3336174488067627, 0.3443264961242676]}, "9": {"pcedims": [2, 3, 4, 5, 6], "pceres": [[0.8809698883508669], [0.8810443365334458], [0.8810456808003825], [0.8810457136941936], [0.881045714524389]], "pcepodeyys": [[0.7850688483611272], [0.7853086985014286], [0.7853124633537881], [0.7853125529344377], [0.7853125552518122]], "elts": [0.3226933479309082, 0.32463884353637695, 0.33275794982910156, 0.33898305892944336, 0.3375976085662842]}, "12": {"pcedims": [2, 3, 4, 5, 6], "pceres": [[0.880978741607833], [0.8809663371509472], [0.8810768962641415], [0.881060118261365], [0.8810521315834506]], "pcepodeyys": [[0.7850922740557682], [0.785160580386462], [0.7853699122408692], [0.7853396403980019], [0.7853250237881909]], "elts": [0.3206825256347656, 0.34822964668273926, 0.3349032402038574, 0.34535980224609375, 0.3571200370788574]}, "15": {"pcedims": [2, 3, 4, 5, 6], "pceres": [[0.8810030379515927], [0.8811048950057394], [0.8810581286346262], [0.8810533511856529], [0.8810487126361435]], "pcepodeyys": [[0.7851436796968185], [0.7854110150568122], [0.7853340524410711], [0.7853260999233105], [0.7853185170361167]], "elts": [0.3161489963531494, 0.3401923179626465, 0.3485586643218994, 0.34044504165649414, 0.3580808639526367]}, "16": {"pcedims": [2, 3, 4, 5, 6], "pceres": [[0.8809990590077184], [0.8810911989243952], [0.8810469457005462], [0.8810407240657672], [0.8810446549610402]], "pcepodeyys": [[0.7851369494358673], [0.7853846215673688], [0.7853119066320754], [0.7852997261963061], [0.7853114993278332]], "elts": [0.33640456199645996, 0.3282132148742676, 0.3332173824310303, 0.3421497344970703, 0.353832483291626]}}, "comp-redmod-elts": [6.26643967628479, 6.232983350753784, 6.390667676925659, 7.163854360580444, 6.813568592071533, 6.792979717254639], "redmod-prj-errs": [[-4.106056996411311e-06], [4.5112629354360223e-07], [-2.967086820682141e-08], [-3.272701198930861e-08], [4.782840790085174e-09], [5.085384668923609e-09]]}, "1": {"basisfrom": "mc", "training-mc-estmean": [0.8848414915802447], "traintime": 5494.14456152916, "pcepod": {"3": {"pcedims": [2, 3, 4, 5, 6], "pceres": [[0.879700280457332], [0.8797412318273198], [0.8797413916028037], [0.8797413922701287], [0.8797413922730746]], "pcepodeyys": [[0.7828398758423646], [0.7830049689595738], [0.7830058283181891], [0.7830058327689484], [0.7830058327922457]], "elts": [0.3224968910217285, 0.3426170349121094, 0.3284440040588379, 0.3431077003479004, 0.3382101058959961]}, "6": {"pcedims": [2, 3, 4, 5, 6], "pceres": [[0.8813517668333618], [0.8814635040084828], [0.8812946469399355], [0.8814246423734501], [0.8814113330293908]], "pcepodeyys": [[0.785817006083501], [0.7861495469529832], [0.785794705300773], [0.7860382517818911], [0.7860185491466152]], "elts": [0.3258707523345947, 0.34342145919799805, 0.3146476745605469, 0.34954404830932617, 0.335329532623291]}, "9": {"pcedims": [2, 3, 4, 5, 6], "pceres": [[0.8809734208646322], [0.8809081601112451], [0.8810969297422615], [0.881089195793084], [0.8810874117887538]], "pcepodeyys": [[0.785052885750015], [0.78512502176199], [0.785402333256326], [0.7853878198744191], [0.7853847202834001]], "elts": [0.3077659606933594, 0.34055399894714355, 0.31035900115966797, 0.32129931449890137, 0.35871338844299316]}, "12": {"pcedims": [2, 3, 4, 5, 6], "pceres": [[0.8810355772662342], [0.88075094844174], [0.881128661772646], [0.881122712619306], [0.8811547573976783]], "pcepodeyys": [[0.7851849983068281], [0.7847669170558104], [0.7854549571594946], [0.7854441854199588], [0.7855086211442868]], "elts": [0.308154821395874, 0.32262086868286133, 0.33034300804138184, 0.34700465202331543, 0.34558582305908203]}, "15": {"pcedims": [2, 3, 4, 5, 6], "pceres": [[0.8810110569312574], [0.8809932508768451], [0.8810457786905881], [0.880718989195249], [0.8811011293758311]], "pcepodeyys": [[0.7851414703417354], [0.7852063638313073], [0.7852957698520272], [0.7847555403896203], [0.7854037695024458]], "elts": [0.32486557960510254, 0.33601903915405273, 0.3326554298400879, 0.32873988151550293, 0.3601667881011963]}, "16": {"pcedims": [2, 3, 4, 5, 6], "pceres": [[0.8810074478035492], [0.880989955646717], [0.8810417957372334], [0.881020525496276], [0.8811057112696932]], "pcepodeyys": [[0.7851338397712427], [0.7852024109883515], [0.7852892248169656], [0.785244015159286], [0.7854144319752219]], "elts": [0.3259294033050537, 0.3507046699523926, 0.334214448928833, 0.3454899787902832, 0.3558533191680908]}}, "comp-redmod-elts": [5.979326248168945, 6.191974401473999, 6.295620918273926, 7.952197790145874, 6.66627311706543, 6.674226522445679], "redmod-prj-errs": [[-5.661014578883794e-06], [3.521756265500997e-07], [1.9697330666534896e-07], [7.791169154280908e-09], [7.0108675531699305e-09], [5.56797630224537e-09]]}, "2": {"basisfrom": "mc", "training-mc-estmean": [0.8844544956738851], "traintime": 5501.623856306076, "pcepod": {"3": {"pcedims": [2, 3, 4, 5, 6], "pceres": [[0.8798323617475561], [0.8798750486365113], [0.8798752587280265], [0.8798752598815129], [0.8798752598881961]], "pcepodeyys": [[0.7828736827033137], [0.7830371588425762], [0.7830381406956431], [0.7830381469364812], [0.7830381469774434]], "elts": [0.31615114212036133, 0.3221094608306885, 0.33725452423095703, 0.33115339279174805, 0.3429102897644043]}, "6": {"pcedims": [2, 3, 4, 5, 6], "pceres": [[0.8811088280474705], [0.8812245098938184], [0.8812334794231615], [0.881234541268682], [0.8812346693726376]], "pcepodeyys": [[0.7853620666125025], [0.7857000095276298], [0.7857214807800641], [0.7857239967720636], [0.7857243039881265]], "elts": [0.320850133895874, 0.32208919525146484, 0.32224535942077637, 0.34944844245910645, 0.38146257400512695]}, "9": {"pcedims": [2, 3, 4, 5, 6], "pceres": [[0.881088927632824], [0.8854334298197842], [0.8812842620735315], [0.8812286982292958], [0.8812054409615153]], "pcepodeyys": [[0.785273273042815], [0.7975106486238782], [0.7857567432521984], [0.7856504008979146], [0.7856039850191385]], "elts": [0.3231940269470215, 0.3248922824859619, 0.3363037109375, 0.33699727058410645, 0.36241626739501953]}, "12": {"pcedims": [2, 3, 4, 5, 6], "pceres": [[0.8810251440453961], [0.881097643507069], [0.8811165349735793], [0.8811059238314901], [0.881103424453357]], "pcepodeyys": [[0.7851732706367335], [0.7854065664921639], [0.7854394986165483], [0.7854204445213698], [0.7854159618609411]], "elts": [0.32413291931152344, 0.3310399055480957, 0.3519721031188965, 0.33808398246765137, 0.3831496238708496]}, "15": {"pcedims": [2, 3, 4, 5, 6], "pceres": [[0.8810234702259416], [0.8810993871766686], [0.8810906790942652], [0.8810690119434206], [0.8810628378183016]], "pcepodeyys": [[0.7851748550419639], [0.7854097070029217], [0.7853956728911072], [0.7853489307019993], [0.7853409054857826]], "elts": [0.32143688201904297, 0.33862900733947754, 0.3178694248199463, 0.3538384437561035, 0.38912534713745117]}, "16": {"pcedims": [2, 3, 4, 5, 6], "pceres": [[0.8810257043990096], [0.8810446909054842], [0.8810862457837653], [0.8810651440038724], [0.8809138372592933]], "pcepodeyys": [[0.7851789403579562], [0.7853061821749215], [0.7853842080942848], [0.7853406985739951], [0.785079496236053]],